model,accuracy,roc_auc
RandomForest,0.192,0.488653633600442
XGBoost,0.1545,0.503414655675294
IsolationForest,0.154,0.5
Autoencoder,0.812,0.501151330938565
LSTM,0.846,0.5127298824107335
Transformer,0.846,0.5314773878603666
